pcp-gui (1.5.7) unstable; urgency=low

  * New pcp-gui release (see doc/CHANGES for details).

 -- Nathan Scott <nathans@debian.org>  Fri, 19 Apr 2013 18:32:34 +1000

pcp-gui (1.5.6) unstable; urgency=low

  * New pcp-gui release (see doc/CHANGES for details).
  * Minor packaging change - adds a new pcp-gui-testsuite package.

 -- Nathan Scott <nathans@debian.org>  Fri, 26 Oct 2012 16:05:41 +1100

pcp-gui (1.5.5) unstable; urgency=low

  * New pcp-gui release (see doc/CHANGES for details).

 -- Nathan Scott <nathans@debian.org>  Wed, 21 Mar 2012 15:36:11 +1100

pcp-gui (1.5.4) unstable; urgency=low

  * Really fix build dependence on pcp.conf (closes: #654616)

 -- Nathan Scott <nathans@debian.org>  Tue, 17 Jan 2012 15:22:24 +1100

pcp-gui (1.5.3) unstable; urgency=low

  * Fix build dependence on pcp.conf (closes: #654616)

 -- Nathan Scott <nathans@debian.org>  Mon, 09 Jan 2012 21:09:09 +1100

pcp-gui (1.5.2) unstable; urgency=low

  * New pcp-gui release (see doc/CHANGES for details).

 -- Nathan Scott <nathans@debian.org>  Thu, 01 Dec 2011 21:23:32 +1100

pcp-gui (1.5.1) unstable; urgency=low

  * New pcp-gui release (see doc/CHANGES for details).
  * Major packaging change - pcp-doc is now a separate package.

 -- Nathan Scott <nathans@debian.org>  Fri, 01 Oct 2010 08:25:32 +1000

pcp-gui (1.4.9) unstable; urgency=low

  * New pcp-gui release (see doc/CHANGES for details).
  * Minor packaging updates, added source format file.

 -- Nathan Scott <nathans@debian.org>  Tue, 13 Jul 2010 12:48:39 +1000

pcp-gui (1.4.7) unstable; urgency=low

  * New pcp-gui release (see doc/CHANGES for details).

 -- Nathan Scott <nathans@debian.org>  Wed, 16 Jun 2010 15:53:56 +1000

pcp-gui (1.4.6) unstable; urgency=low

  * New pcp-gui release (see doc/CHANGES for details).

 -- Nathan Scott <nathans@debian.org>  Wed, 24 Feb 2010 12:50:32 +1100

pcp-gui (1.4.5) unstable; urgency=low

  * New pcp-gui release (see doc/CHANGES for details).
  * Resolve autoconf issue causing build failure (closes: #539373)

 -- Nathan Scott <nathans@debian.org>  Wed, 02 Sep 2009 16:06:08 +1000

pcp-gui (1.4.4) unstable; urgency=low

  * New pcp-gui (pmchart bugfix) release.

 -- Nathan Scott <nathans@debian.org>  Fri, 31 Jul 2009 13:24:30 +1000

pcp-gui (1.4.3) unstable; urgency=low

  * New pcp-gui (pmchart bugfix) release.

 -- Nathan Scott <nathans@debian.org>  Wed, 10 Jun 2009 16:30:54 +1000

pcp-gui (1.4.2) unstable; urgency=low

  * New pcp-gui (pmchart bugfix) release.

 -- Nathan Scott <nathans@debian.org>  Thu, 28 May 2009 13:14:27 +1000

pcp-gui (1.4.1) unstable; urgency=low

  * New pcp-gui (pmchart bugfix) release.

 -- Nathan Scott <nathans@debian.org>  Fri, 22 May 2009 12:59:19 +1000

pcp-gui (1.4.0) unstable; urgency=low

  * New pcp-gui release (closes: #524030).

 -- Nathan Scott <nathans@debian.org>  Tue, 05 May 2009 10:47:23 +1000

pcp-gui (1.3.5) unstable; urgency=low

  * New pcp-gui release (closes: #521963).

 -- Nathan Scott <nathans@debian.org>  Fri, 03 Apr 2009 13:39:08 +1100

pcp-gui (1.3.4) unstable; urgency=low

  * New pcp-gui (bugfix) release.

 -- Nathan Scott <nathans@debian.org>  Sat, 28 Mar 2009 21:37:02 +1100

pcp-gui (1.3.3) unstable; urgency=low

  * New pcp-gui (bugfix) release.

 -- Nathan Scott <nathans@debian.org>  Wed, 04 Mar 2009 12:35:06 +1100

pcp-gui (1.3.2) unstable; urgency=low

  * New pcp-gui (bugfix) release.

 -- Nathan Scott <nathans@debian.org>  Thu, 26 Feb 2009 09:33:26 +1100

pcp-gui (1.3.1) unstable; urgency=low

  * New pcp-gui release, replacing package "kmchart".

 -- Nathan Scott <nathans@debian.org>  Tue, 17 Feb 2009 11:36:36 +1100

kmchart (1.2.9) unstable; urgency=low

  * New kmchart release.

 -- Nathan Scott <nathans@debian.org>  Thu, 29 Jan 2009 13:55:03 +1100

kmchart (1.2.8) unstable; urgency=low

  * New kmchart release (closes: #504904).

 -- Nathan Scott <nathans@debian.org>  Tue, 27 Jan 2009 22:02:40 +1100

kmchart (1.2.7) unstable; urgency=low

  * Add missing build dependencies (closes: #481995, #482234).

 -- Nathan Scott <nathans@debian.org>  Thu, 22 May 2008 11:25:14 +1000

kmchart (1.2.6) unstable; urgency=low

  * Resolve std namespace for some gcc variants (closes: #480141).

 -- Nathan Scott <nathans@debian.org>  Fri, 09 May 2008 15:07:30 +1000

kmchart (1.2.5) unstable; urgency=low

  * Add missing build dependencies (closes: #479873).

 -- Nathan Scott <nathans@debian.org>  Thu, 08 May 2008 11:22:28 +1000

kmchart (1.2.4) unstable; urgency=low

  * Add missing build dependencies (closes: #479687).

 -- Nathan Scott <nathans@debian.org>  Wed, 07 May 2008 08:51:29 +1000

kmchart (1.2.3) unstable; urgency=low

  * New kmchart release, fixes up configure script (closes: #479514).

 -- Nathan Scott <nathans@debian.org>  Tue, 06 May 2008 10:09:12 +1000

kmchart (1.2.0) unstable; urgency=low

  * New kmchart release.

 -- Nathan Scott <nathans@debian.org>  Thu, 01 May 2008 12:09:47 +1000

kmchart (1.1.5) unstable; urgency=low

  * New kmchart release (bug fixes only).

 -- Nathan Scott <nathans@debian.org>  Mon, 28 Apr 2008 14:32:48 +1000

kmchart (1.1.3) unstable; urgency=low

  * Fix generated source tarball to contain all needed files.

 -- Nathan Scott <nathans@debian.org>  Thu, 24 Apr 2008 10:08:26 +1000

kmchart (1.1.1) unstable; urgency=low

  * New kmchart release.
  * Reworked package versioning to not need a datestamp.

 -- Nathan Scott <nathans@debian.org>  Wed, 23 Apr 2008 21:58:25 +1000

kmchart (1.0.0-20080312) unstable; urgency=low

  * Initial Debian packaging of kmchart (closes: #469461).

 -- Nathan Scott <nathans@debian.org>  Wed, 12 Mar 2008 06:21:44 +1100
